{
    "minecraft": {
        "": {}
    },
    "mcp": {
        "": {}
    },
    "FML": {
        "": {}
    },
    "forge": {
        "": {}
    },
    "micdoodlecore": {
        "": {}
    },
    "com.elytradev.movingworld.common.asm.coremod": {
        "": {}
    },
    "openmodscore": {
        "": {}
    },
    "srm-hooks": {
        "": {}
    },
    "jei": {
        "": {}
    },
    "appleskin": {
        "": {}
    },
    "baubles": {
        "": {}
    },
    "betterstorage": {
        "": {}
    },
    "patchouli": {
        "": {}
    },
    "bewitchment": {
        "": {}
    },
    "bibliocraft": {
        "": {}
    },
    "biomesoplenty": {
        "": {}
    },
    "blockcraftery": {
        "": {}
    },
    "ctm": {
        "": {}
    },
    "chisel": {
        "": {}
    },
    "chiselsandbits": {
        "": {}
    },
    "clumps": {
        "": {}
    },
    "codechickenlib": {
        "": {}
    },
    "redstoneflux": {
        "": {}
    },
    "cofhcore": {
        "": {}
    },
    "cofhworld": {
        "": {}
    },
    "mantle": {
        "": {}
    },
    "tconstruct": {
        "": {}
    },
    "conarm": {
        "": {}
    },
    "galacticraftcore": {
        "": {}
    },
    "galacticraftplanets": {
        "": {}
    },
    "mjrlegendslib": {
        "": {}
    },
    "extraplanets": {
        "": {}
    },
    "fastfurnace": {
        "": {}
    },
    "fastleafdecay": {
        "": {}
    },
    "fastbench": {
        "": {}
    },
    "flansmod": {
        "": {}
    },
    "forgelin": {
        "": {}
    },
    "forgemultipartcbe": {
        "": {}
    },
    "microblockcbe": {
        "": {}
    },
    "minecraftmultipartcbe": {
        "": {}
    },
    "llibrary": {
        "": {}
    },
    "fossil": {
        "": {}
    },
    "fpsreducer": {
        "": {}
    },
    "cfm": {
        "": {}
    },
    "futuremc": {
        "": {}
    },
    "ichunutil": {
        "": {}
    },
    "hats": {
        "": {}
    },
    "waila": {
        "": {}
    },
    "teslacorelib": {
        "": {}
    },
    "industrialforegoing": {
        "": {}
    },
    "natura": {
        "": {}
    },
    "oreberries": {
        "": {}
    },
    "harvestcraft": {
        "": {}
    },
    "thermalfoundation": {
        "": {}
    },
    "integrationforegoing": {
        "": {}
    },
    "inventorytweaks": {
        "": {}
    },
    "jeid": {
        "": {}
    },
    "jeresources": {
        "": {}
    },
    "mclib": {
        "": {}
    },
    "metamorph": {
        "": {}
    },
    "mob_grinding_utils": {
        "": {}
    },
    "modernweaponspack": {
        "": {}
    },
    "movingworld": {
        "": {}
    },
    "mrtjpcore": {
        "": {}
    },
    "naturescompass": {
        "": {}
    },
    "openmods": {
        "": {}
    },
    "openblocks": {
        "": {}
    },
    "performant": {
        "": {}
    },
    "projectred-core": {
        "": {}
    },
    "projectred-compat": {
        "": {}
    },
    "projectred-integration": {
        "": {}
    },
    "projectred-transmission": {
        "": {}
    },
    "projectred-fabrication": {
        "": {}
    },
    "projectred-illumination": {
        "": {}
    },
    "projectred-expansion": {
        "": {}
    },
    "projectred-relocation": {
        "": {}
    },
    "projectred-transportation": {
        "": {}
    },
    "projectred-exploration": {
        "": {}
    },
    "secretroomsmod": {
        "": {}
    },
    "lemonlib": {
        "": {}
    },
    "statues": {
        "": {}
    },
    "supermartijn642configlib": {
        "": {}
    },
    "supermartijn642corelib": {
        "": {}
    },
    "texfix": {
        "": {}
    },
    "thermalexpansion": {
        "": {}
    },
    "thermaldynamics": {
        "": {}
    },
    "thermalinnovation": {
        "": {}
    },
    "tinkersjei": {
        "": {}
    },
    "tropicraft": {
        "": {}
    },
    "vanillafix": {
        "": {}
    },
    "wearablebackpacks": {
        "": {}
    },
    "wormhole": {
        "": {}
    },
    "recipehandler": {
        "": {}
    },
    "phosphor-lighting": {
        "": {}
    },
    "mysticallib": {
        "": {}
    },
    "teslacorelib_registries": {
        "": {}
    },
    "": {
        "": {}
    }
}