{
"tropicraft:dolphin":{
"abilities": ["swim"]
},
"tropicraft:eagleray":{
"abilities": ["swim", "water_breath"]
},
"tropicraft:failgull":{
"abilities":["fly"]

},
"tropicraft:fish":{
"abilities":["swim", "water_breath"]

},
"tropicraft:hammerhead":{
"abilities":["swim", "water_breath"]

},
"tropicraft:marlin":{
"abilities":["swim", "water_breath"]

},
"tropicraft:mow":{
"abilities":["swim", "water_breath"]
},
"tropicraft:piranha":{
"abilities":["swim", "water_breath"]

},

"tropicraft:sardine":{
"abilities":["swim", "water_breath"]

},


"tropicraft:seahorse":{
"abilities":["swim", "water_breath"]

},
"tropicraft:starfish":{
"abilities":["swim", "water_breath"]

},
"tropicraft:turtle":{
"abilities":["swim"]

},
"tropicraft:treefrog":{
"abilities":["jumping"],
"action": ["jump"],
"attack": ["poison"]
},
"tropicraft:tropispider":{
"abilities":["climb"],
"attack":["poison"]
},
"biomesoplenty:wasp":{
"abilities":["fly"]
},
"futuremc:bee":{
"abilities":["fly"],
"attack":["poison"]
},
"futuremc:salmon":{
"abilities":["swim", "water_breath"]

},
"futuremc:pufferfish":{
"abilities":["swim", "water_breath"]
},
"futuremc:cod":{
"abilities":["swim", "water_breath"]

},
"futuremc:tropical_fish":{
"abilities":["swim", "water_breath"]

},
"thermalfoundation:basalz":{
"abilities":["fly"],
"action": ["spit"]

},
"thermalfoundation:blitz":{
"abilities":["fly"],
"action": ["spit"]

},
"thermalfoundation:blizz":{
"abilities":["fly"],
"action": ["snowball"]

},
"natura:imp":{
"abilities":["fire_proof"]
},
"galacticraftcore:evolved_creeper":{
"action": ["explode"]

},
"galacticraftcore:evolved_enderman":{
"abilities":["water_allergy"],
"action": ["teleport"]

},
"natura:nitrocreeper":{
"abilities":["fire_proof"],
"action": ["explode"]

},
"galacticraftcore:evolved_witch":{

"action": ["potions"]

},
"galacticraftcore:evolved_spider":{
"abilities":["climb"]


},
"randomthings:golden_chicken":{
"abilities":["prevent_fall", "glide"]

},
"fossil:fossil.alligator_gar":{
"abilities":["water_breathing", "swim"]


},
"fossil:fossil.coelacanth":{
"abilities":["water_breathing", "swim"]
},
"fossil:fossil.crassiggyrinus":{
"abilities":["swim"]
},
"fossil:fossil.henodus":{
"abilities":["swim"]
},
"fossil:fossil.icthyosaurus":{
"abilities":["water_breathing", "swim"]
},
"fossil:fossil.liopleurodon":{
"abilities":["water_breathing", "swim"]
},
"fossil:fossil.megaladon":{
"abilities":["water_breathing", "swim"]
},
"fossil:fossil.mosasaurus":{
"abilities":["water_breathing", "swim"]
},
"fossil:fossil.natuilus":{
"abilities":["water_breathing", "swim"]
},
"fossil:fossil.plesiosaur":{
"abilities":["swim"]
},
"fossil:fossil.sarcosuchus":{
"abilities":["swim"]
},
"fossil:fossil.sturgeon":{
"abilities":["water_breathing", "swim"]
},
"fossil:fossil.tiktaalik":{
"abilities":["swim"]
},
"fossil:fossil.megalograptus":{
"abilities":["water_breathing", "swim"]
},
"fossil:fossil.confuciusornis":{
"abilities":["fly"]
},
"fossil:fossil.pterosaur":{
"abilities":["fly"]
},
"fossil:fossil.meganeura":{
"abilities":["fly"]
},
"fossil:fossil.tarslime":{
"abilities":["bounce", "water_breathing"],
"action":["jump"]
},
"fossil:fossil.diplocaulus":{
"abilities":["swim"]
},
"fossil:fossil.anu":{
"abilities":["fly", "fire_proof"]

},
"fossil:fossil.anubute":{
"abilities":["fire_proof"]
},
"fossil:fossil.sentrypigman":{
"abilities":["fire_proof"]
},
"fossil:fossil.friendlypigzombie":{
"abilities":["fire_proof"]
}
}