{
  "criteria": {
    "consume": {
      "trigger": "minecraft:consume_item"
    },
    "use": {
      "trigger": "minecraft:using_item"
    },
    "attack": {
      "trigger": "minecraft:player_hurt_entity"
    },
    "place_block": {
      "trigger": "minecraft:placed_block"
    },
    "fall": {
      "trigger": "minecraft:fall_from_height",
	  "conditions": {
		  "distance": {
			  "y": {
				  "min": 0
			  }
		  }
	  }
    }
  },
  "requirements": [
    [
      "consume",
      "use",
      "attack",
      "place_block",
	  "fall"
    ]
  ],
  "rewards": {
    "function": "mctrlmobs:zzz/events/causedvibration"
  }
}
