{
    "__comment": "Made with TheDestruc7i0n's advancements generator: https://advancements.thedestruc7i0n.ca",
    "criteria": {
        "hurtbypoisonous": {
            "trigger": "minecraft:entity_hurt_player",
            "conditions": {
                "damage": {
					"blocked": false,
					"type": {
                        "is_explosion": false,
                        "is_fire": false,
                        "is_magic": false,
                        "is_projectile": false
                    },
                    "source_entity": {
                        "nbt": "{Tags:[\"impoisonous\"]}"
                    }
                }
            }
        }
    },
    "rewards": {
        "function": "mctrlmobs:zzz/events/hurtbypoisonous"
    }
}