{"allBlocks":[{"blockId":159,"blockMeta":0,"blockName":"tile.clayHardenedStained"},{"blockId":159,"blockMeta":1,"blockName":"tile.clayHardenedStained"},{"blockId":159,"blockMeta":2,"blockName":"tile.clayHardenedStained"},{"blockId":159,"blockMeta":3,"blockName":"tile.clayHardenedStained"},{"blockId":159,"blockMeta":4,"blockName":"tile.clayHardenedStained"},{"blockId":159,"blockMeta":5,"blockName":"tile.clayHardenedStained"},{"blockId":159,"blockMeta":6,"blockName":"tile.clayHardenedStained"},{"blockId":159,"blockMeta":7,"blockName":"tile.clayHardenedStained"},{"blockId":159,"blockMeta":8,"blockName":"tile.clayHardenedStained"},{"blockId":159,"blockMeta":9,"blockName":"tile.clayHardenedStained"},{"blockId":159,"blockMeta":10,"blockName":"tile.clayHardenedStained"},{"blockId":159,"blockMeta":11,"blockName":"tile.clayHardenedStained"},{"blockId":159,"blockMeta":12,"blockName":"tile.clayHardenedStained"},{"blockId":159,"blockMeta":13,"blockName":"tile.clayHardenedStained"},{"blockId":159,"blockMeta":14,"blockName":"tile.clayHardenedStained"},{"blockId":159,"blockMeta":15,"blockName":"tile.clayHardenedStained"},{"blockId":170,"blockMeta":0,"blockName":"tile.hayBlock"},{"blockId":172,"blockMeta":0,"blockName":"tile.clayHardened"},{"blockId":173,"blockMeta":0,"blockName":"tile.blockCoal"},{"blockId":256,"blockMeta":0,"blockName":"tile.ForgeFiller"},{"blockId":257,"blockMeta":0,"blockName":"tile.ForgeFiller"},{"blockId":258,"blockMeta":0,"blockName":"tile.ForgeFiller"},{"blockId":259,"blockMeta":0,"blockName":"tile.ForgeFiller"},{"blockId":260,"blockMeta":0,"blockName":"tile.ForgeFiller"},{"blockId":261,"blockMeta":0,"blockName":"tile.ForgeFiller"},{"blockId":262,"blockMeta":0,"blockName":"tile.ForgeFiller"},{"blockId":263,"blockMeta":0,"blockName":"tile.ForgeFiller"},{"blockId":264,"blockMeta":0,"blockName":"tile.ForgeFiller"},{"blockId":265,"blockMeta":0,"blockName":"tile.ForgeFiller"},{"blockId":266,"blockMeta":0,"blockName":"tile.ForgeFiller"},{"blockId":267,"blockMeta":0,"blockName":"tile.ForgeFiller"},{"blockId":268,"blockMeta":0,"blockName":"tile.ForgeFiller"},{"blockId":269,"blockMeta":0,"blockName":"tile.ForgeFiller"},{"blockId":270,"blockMeta":0,"blockName":"tile.ForgeFiller"},{"blockId":271,"blockMeta":0,"blockName":"tile.ForgeFiller"},{"blockId":272,"blockMeta":0,"blockName":"tile.ForgeFiller"},{"blockId":273,"blockMeta":0,"blockName":"tile.ForgeFiller"},{"blockId":274,"blockMeta":0,"blockName":"tile.ForgeFiller"},{"blockId":275,"blockMeta":0,"blockName":"tile.ForgeFiller"},{"blockId":276,"blockMeta":0,"blockName":"tile.ForgeFiller"},{"blockId":277,"blockMeta":0,"blockName":"tile.ForgeFiller"},{"blockId":278,"blockMeta":0,"blockName":"tile.ForgeFiller"},{"blockId":279,"blockMeta":0,"blockName":"tile.ForgeFiller"},{"blockId":280,"blockMeta":0,"blockName":"tile.ForgeFiller"},{"blockId":281,"blockMeta":0,"blockName":"tile.ForgeFiller"},{"blockId":282,"blockMeta":0,"blockName":"tile.ForgeFiller"},{"blockId":283,"blockMeta":0,"blockName":"tile.ForgeFiller"},{"blockId":284,"blockMeta":0,"blockName":"tile.ForgeFiller"},{"blockId":285,"blockMeta":0,"blockName":"tile.ForgeFiller"},{"blockId":286,"blockMeta":0,"blockName":"tile.ForgeFiller"},{"blockId":287,"blockMeta":0,"blockName":"tile.ForgeFiller"},{"blockId":288,"blockMeta":0,"blockName":"tile.ForgeFiller"},{"blockId":289,"blockMeta":0,"blockName":"tile.ForgeFiller"},{"blockId":290,"blockMeta":0,"blockName":"tile.ForgeFiller"},{"blockId":291,"blockMeta":0,"blockName":"tile.ForgeFiller"},{"blockId":292,"blockMeta":0,"blockName":"tile.ForgeFiller"},{"blockId":293,"blockMeta":0,"blockName":"tile.ForgeFiller"},{"blockId":294,"blockMeta":0,"blockName":"tile.ForgeFiller"},{"blockId":295,"blockMeta":0,"blockName":"tile.ForgeFiller"},{"blockId":296,"blockMeta":0,"blockName":"tile.ForgeFiller"},{"blockId":297,"blockMeta":0,"blockName":"tile.ForgeFiller"},{"blockId":298,"blockMeta":0,"blockName":"tile.ForgeFiller"},{"blockId":299,"blockMeta":0,"blockName":"tile.ForgeFiller"},{"blockId":300,"blockMeta":0,"blockName":"tile.ForgeFiller"},{"blockId":301,"blockMeta":0,"blockName":"tile.ForgeFiller"},{"blockId":302,"blockMeta":0,"blockName":"tile.ForgeFiller"},{"blockId":303,"blockMeta":0,"blockName":"tile.ForgeFiller"},{"blockId":304,"blockMeta":0,"blockName":"tile.ForgeFiller"},{"blockId":305,"blockMeta":0,"blockName":"tile.ForgeFiller"},{"blockId":306,"blockMeta":0,"blockName":"tile.ForgeFiller"},{"blockId":307,"blockMeta":0,"blockName":"tile.ForgeFiller"},{"blockId":308,"blockMeta":0,"blockName":"tile.ForgeFiller"},{"blockId":309,"blockMeta":0,"blockName":"tile.ForgeFiller"},{"blockId":310,"blockMeta":0,"blockName":"tile.ForgeFiller"},{"blockId":311,"blockMeta":0,"blockName":"tile.ForgeFiller"},{"blockId":312,"blockMeta":0,"blockName":"tile.ForgeFiller"},{"blockId":313,"blockMeta":0,"blockName":"tile.ForgeFiller"},{"blockId":314,"blockMeta":0,"blockName":"tile.ForgeFiller"},{"blockId":315,"blockMeta":0,"blockName":"tile.ForgeFiller"},{"blockId":316,"blockMeta":0,"blockName":"tile.ForgeFiller"},{"blockId":317,"blockMeta":0,"blockName":"tile.ForgeFiller"},{"blockId":318,"blockMeta":0,"blockName":"tile.ForgeFiller"},{"blockId":319,"blockMeta":0,"blockName":"tile.ForgeFiller"},{"blockId":320,"blockMeta":0,"blockName":"tile.ForgeFiller"},{"blockId":321,"blockMeta":0,"blockName":"tile.ForgeFiller"},{"blockId":322,"blockMeta":0,"blockName":"tile.ForgeFiller"},{"blockId":323,"blockMeta":0,"blockName":"tile.ForgeFiller"},{"blockId":324,"blockMeta":0,"blockName":"tile.ForgeFiller"},{"blockId":325,"blockMeta":0,"blockName":"tile.ForgeFiller"},{"blockId":326,"blockMeta":0,"blockName":"tile.ForgeFiller"},{"blockId":327,"blockMeta":0,"blockName":"tile.ForgeFiller"},{"blockId":328,"blockMeta":0,"blockName":"tile.ForgeFiller"},{"blockId":329,"blockMeta":0,"blockName":"tile.ForgeFiller"},{"blockId":330,"blockMeta":0,"blockName":"tile.ForgeFiller"},{"blockId":331,"blockMeta":0,"blockName":"tile.ForgeFiller"},{"blockId":332,"blockMeta":0,"blockName":"tile.ForgeFiller"},{"blockId":333,"blockMeta":0,"blockName":"tile.ForgeFiller"},{"blockId":334,"blockMeta":0,"blockName":"tile.ForgeFiller"},{"blockId":335,"blockMeta":0,"blockName":"tile.ForgeFiller"},{"blockId":336,"blockMeta":0,"blockName":"tile.ForgeFiller"},{"blockId":337,"blockMeta":0,"blockName":"tile.ForgeFiller"},{"blockId":338,"blockMeta":0,"blockName":"tile.ForgeFiller"},{"blockId":339,"blockMeta":0,"blockName":"tile.ForgeFiller"},{"blockId":340,"blockMeta":0,"blockName":"tile.ForgeFiller"},{"blockId":341,"blockMeta":0,"blockName":"tile.ForgeFiller"},{"blockId":342,"blockMeta":0,"blockName":"tile.ForgeFiller"},{"blockId":343,"blockMeta":0,"blockName":"tile.ForgeFiller"},{"blockId":344,"blockMeta":0,"blockName":"tile.ForgeFiller"},{"blockId":345,"blockMeta":0,"blockName":"tile.ForgeFiller"},{"blockId":346,"blockMeta":0,"blockName":"tile.ForgeFiller"},{"blockId":347,"blockMeta":0,"blockName":"tile.ForgeFiller"},{"blockId":348,"blockMeta":0,"blockName":"tile.ForgeFiller"},{"blockId":349,"blockMeta":0,"blockName":"tile.ForgeFiller"},{"blockId":350,"blockMeta":0,"blockName":"tile.ForgeFiller"},{"blockId":351,"blockMeta":0,"blockName":"tile.ForgeFiller"},{"blockId":352,"blockMeta":0,"blockName":"tile.ForgeFiller"},{"blockId":353,"blockMeta":0,"blockName":"tile.ForgeFiller"},{"blockId":354,"blockMeta":0,"blockName":"tile.ForgeFiller"},{"blockId":355,"blockMeta":0,"blockName":"tile.ForgeFiller"},{"blockId":356,"blockMeta":0,"blockName":"tile.ForgeFiller"},{"blockId":357,"blockMeta":0,"blockName":"tile.ForgeFiller"},{"blockId":358,"blockMeta":0,"blockName":"tile.ForgeFiller"},{"blockId":359,"blockMeta":0,"blockName":"tile.ForgeFiller"},{"blockId":360,"blockMeta":0,"blockName":"tile.ForgeFiller"},{"blockId":361,"blockMeta":0,"blockName":"tile.ForgeFiller"},{"blockId":362,"blockMeta":0,"blockName":"tile.ForgeFiller"},{"blockId":363,"blockMeta":0,"blockName":"tile.ForgeFiller"},{"blockId":364,"blockMeta":0,"blockName":"tile.ForgeFiller"},{"blockId":365,"blockMeta":0,"blockName":"tile.ForgeFiller"},{"blockId":366,"blockMeta":0,"blockName":"tile.ForgeFiller"},{"blockId":367,"blockMeta":0,"blockName":"tile.ForgeFiller"},{"blockId":368,"blockMeta":0,"blockName":"tile.ForgeFiller"},{"blockId":369,"blockMeta":0,"blockName":"tile.ForgeFiller"},{"blockId":370,"blockMeta":0,"blockName":"tile.ForgeFiller"},{"blockId":371,"blockMeta":0,"blockName":"tile.ForgeFiller"},{"blockId":372,"blockMeta":0,"blockName":"tile.ForgeFiller"},{"blockId":373,"blockMeta":0,"blockName":"tile.ForgeFiller"},{"blockId":374,"blockMeta":0,"blockName":"tile.ForgeFiller"},{"blockId":375,"blockMeta":0,"blockName":"tile.ForgeFiller"},{"blockId":376,"blockMeta":0,"blockName":"tile.ForgeFiller"},{"blockId":377,"blockMeta":0,"blockName":"tile.ForgeFiller"},{"blockId":378,"blockMeta":0,"blockName":"tile.ForgeFiller"},{"blockId":379,"blockMeta":0,"blockName":"tile.ForgeFiller"},{"blockId":380,"blockMeta":0,"blockName":"tile.ForgeFiller"},{"blockId":381,"blockMeta":0,"blockName":"tile.ForgeFiller"},{"blockId":382,"blockMeta":0,"blockName":"tile.ForgeFiller"},{"blockId":383,"blockMeta":0,"blockName":"tile.ForgeFiller"},{"blockId":384,"blockMeta":0,"blockName":"tile.ForgeFiller"},{"blockId":385,"blockMeta":0,"blockName":"tile.ForgeFiller"},{"blockId":386,"blockMeta":0,"blockName":"tile.ForgeFiller"},{"blockId":387,"blockMeta":0,"blockName":"tile.ForgeFiller"},{"blockId":388,"blockMeta":0,"blockName":"tile.ForgeFiller"},{"blockId":389,"blockMeta":0,"blockName":"tile.ForgeFiller"},{"blockId":390,"blockMeta":0,"blockName":"tile.ForgeFiller"},{"blockId":391,"blockMeta":0,"blockName":"tile.ForgeFiller"},{"blockId":392,"blockMeta":0,"blockName":"tile.ForgeFiller"},{"blockId":393,"blockMeta":0,"blockName":"tile.ForgeFiller"},{"blockId":394,"blockMeta":0,"blockName":"tile.ForgeFiller"},{"blockId":395,"blockMeta":0,"blockName":"tile.ForgeFiller"},{"blockId":396,"blockMeta":0,"blockName":"tile.ForgeFiller"},{"blockId":397,"blockMeta":0,"blockName":"tile.ForgeFiller"},{"blockId":398,"blockMeta":0,"blockName":"tile.ForgeFiller"},{"blockId":399,"blockMeta":0,"blockName":"tile.ForgeFiller"},{"blockId":400,"blockMeta":0,"blockName":"tile.ForgeFiller"},{"blockId":401,"blockMeta":0,"blockName":"tile.ForgeFiller"},{"blockId":402,"blockMeta":0,"blockName":"tile.ForgeFiller"},{"blockId":403,"blockMeta":0,"blockName":"tile.ForgeFiller"},{"blockId":404,"blockMeta":0,"blockName":"tile.ForgeFiller"},{"blockId":405,"blockMeta":0,"blockName":"tile.ForgeFiller"},{"blockId":406,"blockMeta":0,"blockName":"tile.ForgeFiller"},{"blockId":407,"blockMeta":0,"blockName":"tile.ForgeFiller"},{"blockId":408,"blockMeta":0,"blockName":"tile.ForgeFiller"},{"blockId":417,"blockMeta":0,"blockName":"tile.ForgeFiller"},{"blockId":418,"blockMeta":0,"blockName":"tile.ForgeFiller"},{"blockId":419,"blockMeta":0,"blockName":"tile.ForgeFiller"},{"blockId":420,"blockMeta":0,"blockName":"tile.ForgeFiller"},{"blockId":421,"blockMeta":0,"blockName":"tile.ForgeFiller"},{"blockId":1000,"blockMeta":0,"blockName":"tile.dnaAnalyser"},{"blockId":1001,"blockMeta":0,"blockName":"tile.dnaExtractor"},{"blockId":1002,"blockMeta":0,"blockName":"tile.dnaEncoder"},{"blockId":1003,"blockMeta":0,"blockName":"tile.dnaSplitter"},{"blockId":1004,"blockMeta":0,"blockName":"tile.dnaBreeder"},{"blockId":1005,"blockMeta":0,"blockName":"tile.centrifuge"},{"blockId":1006,"blockMeta":0,"blockName":"tile.dnaCombiner"},{"blockId":1007,"blockMeta":0,"blockName":"tile.dnaRemover"},{"blockId":1008,"blockMeta":0,"blockName":"tile.dnaTransmutator"},{"blockId":1010,"blockMeta":0,"blockName":"tile.dnaAutoSplitter"},{"blockId":1011,"blockMeta":0,"blockName":"tile.combustionGenerator"},{"blockId":1012,"blockMeta":0,"blockName":"tile.combustionGeneratorIdle"},{"blockId":1016,"blockMeta":0,"blockName":"tile.autoScraper"},{"blockId":1017,"blockMeta":0,"blockName":"tile.dnaInsulator"},{"blockId":1467,"blockMeta":0,"blockName":"tile.Decoration.BrickFancy"},{"blockId":1467,"blockMeta":1,"blockName":"tile.Decoration.BrickFancy"},{"blockId":1467,"blockMeta":2,"blockName":"tile.Decoration.BrickFancy"},{"blockId":1467,"blockMeta":3,"blockName":"tile.Decoration.BrickFancy"},{"blockId":1467,"blockMeta":4,"blockName":"tile.Decoration.BrickFancy"},{"blockId":1467,"blockMeta":5,"blockName":"tile.Decoration.BrickFancy"},{"blockId":1467,"blockMeta":6,"blockName":"tile.Decoration.BrickFancy"},{"blockId":1467,"blockMeta":7,"blockName":"tile.Decoration.BrickFancy"},{"blockId":1467,"blockMeta":8,"blockName":"tile.Decoration.BrickFancy"},{"blockId":1467,"blockMeta":9,"blockName":"tile.Decoration.BrickFancy"},{"blockId":1467,"blockMeta":10,"blockName":"tile.Decoration.BrickFancy"},{"blockId":1467,"blockMeta":11,"blockName":"tile.Decoration.BrickFancy"},{"blockId":1467,"blockMeta":12,"blockName":"tile.Decoration.BrickFancy"},{"blockId":1467,"blockMeta":13,"blockName":"tile.Decoration.BrickFancy"},{"blockId":1467,"blockMeta":14,"blockName":"tile.Decoration.BrickFancy"},{"blockId":1467,"blockMeta":15,"blockName":"tile.Decoration.BrickFancy"},{"blockId":1474,"blockMeta":0,"blockName":"tile.Smeltery"},{"blockId":1474,"blockMeta":1,"blockName":"tile.Smeltery"},{"blockId":1474,"blockMeta":2,"blockName":"tile.Smeltery"},{"blockId":1474,"blockMeta":3,"blockName":"tile.Smeltery"},{"blockId":1474,"blockMeta":4,"blockName":"tile.Smeltery"},{"blockId":1474,"blockMeta":5,"blockName":"tile.Smeltery"},{"blockId":1474,"blockMeta":6,"blockName":"tile.Smeltery"},{"blockId":1474,"blockMeta":7,"blockName":"tile.Smeltery"},{"blockId":1474,"blockMeta":8,"blockName":"tile.Smeltery"},{"blockId":1474,"blockMeta":9,"blockName":"tile.Smeltery"},{"blockId":1474,"blockMeta":10,"blockName":"tile.Smeltery"},{"blockId":1475,"blockMeta":0,"blockName":"tile.tconstruct.stoneore"},{"blockId":1475,"blockMeta":1,"blockName":"tile.tconstruct.stoneore"},{"blockId":1475,"blockMeta":2,"blockName":"tile.tconstruct.stoneore"},{"blockId":1475,"blockMeta":3,"blockName":"tile.tconstruct.stoneore"},{"blockId":1475,"blockMeta":4,"blockName":"tile.tconstruct.stoneore"},{"blockId":1476,"blockMeta":0,"blockName":"tile.TConstruct.Soil"},{"blockId":1476,"blockMeta":1,"blockName":"tile.TConstruct.Soil"},{"blockId":1476,"blockMeta":2,"blockName":"tile.TConstruct.Soil"},{"blockId":1476,"blockMeta":3,"blockName":"tile.TConstruct.Soil"},{"blockId":1476,"blockMeta":4,"blockName":"tile.TConstruct.Soil"},{"blockId":1476,"blockMeta":5,"blockName":"tile.TConstruct.Soil"},{"blockId":1476,"blockMeta":6,"blockName":"tile.TConstruct.Soil"},{"blockId":1478,"blockMeta":0,"blockName":"tile.tconstruct.metalblock"},{"blockId":1478,"blockMeta":1,"blockName":"tile.tconstruct.metalblock"},{"blockId":1478,"blockMeta":2,"blockName":"tile.tconstruct.metalblock"},{"blockId":1478,"blockMeta":3,"blockName":"tile.tconstruct.metalblock"},{"blockId":1478,"blockMeta":4,"blockName":"tile.tconstruct.metalblock"},{"blockId":1478,"blockMeta":5,"blockName":"tile.tconstruct.metalblock"},{"blockId":1478,"blockMeta":6,"blockName":"tile.tconstruct.metalblock"},{"blockId":1478,"blockMeta":7,"blockName":"tile.tconstruct.metalblock"},{"blockId":1478,"blockMeta":8,"blockName":"tile.tconstruct.metalblock"},{"blockId":1478,"blockMeta":9,"blockName":"tile.tconstruct.metalblock"},{"blockId":1478,"blockMeta":10,"blockName":"tile.tconstruct.metalblock"},{"blockId":1481,"blockMeta":0,"blockName":"tile.Decoration.Brick"},{"blockId":1481,"blockMeta":1,"blockName":"tile.Decoration.Brick"},{"blockId":1481,"blockMeta":2,"blockName":"tile.Decoration.Brick"},{"blockId":1481,"blockMeta":3,"blockName":"tile.Decoration.Brick"},{"blockId":1481,"blockMeta":4,"blockName":"tile.Decoration.Brick"},{"blockId":1481,"blockMeta":5,"blockName":"tile.Decoration.Brick"},{"blockId":1481,"blockMeta":6,"blockName":"tile.Decoration.Brick"},{"blockId":1481,"blockMeta":7,"blockName":"tile.Decoration.Brick"},{"blockId":1481,"blockMeta":8,"blockName":"tile.Decoration.Brick"},{"blockId":1481,"blockMeta":9,"blockName":"tile.Decoration.Brick"},{"blockId":1481,"blockMeta":10,"blockName":"tile.Decoration.Brick"},{"blockId":1481,"blockMeta":11,"blockName":"tile.Decoration.Brick"},{"blockId":1481,"blockMeta":12,"blockName":"tile.Decoration.Brick"},{"blockId":1481,"blockMeta":13,"blockName":"tile.Decoration.Brick"},{"blockId":1488,"blockMeta":0,"blockName":"tile.tconstruct.gravelore"},{"blockId":1488,"blockMeta":1,"blockName":"tile.tconstruct.gravelore"},{"blockId":1488,"blockMeta":2,"blockName":"tile.tconstruct.gravelore"},{"blockId":1488,"blockMeta":3,"blockName":"tile.tconstruct.gravelore"},{"blockId":1488,"blockMeta":4,"blockName":"tile.tconstruct.gravelore"},{"blockId":1488,"blockMeta":5,"blockName":"tile.tconstruct.gravelore"},{"blockId":1489,"blockMeta":0,"blockName":"tile.SpeedBlock"},{"blockId":1489,"blockMeta":1,"blockName":"tile.SpeedBlock"},{"blockId":1489,"blockMeta":2,"blockName":"tile.SpeedBlock"},{"blockId":1489,"blockMeta":3,"blockName":"tile.SpeedBlock"},{"blockId":1489,"blockMeta":4,"blockName":"tile.SpeedBlock"},{"blockId":1489,"blockMeta":5,"blockName":"tile.SpeedBlock"},{"blockId":1489,"blockMeta":6,"blockName":"tile.SpeedBlock"},{"blockId":2256,"blockMeta":0,"blockName":"tile.ForgeFiller"},{"blockId":2257,"blockMeta":0,"blockName":"tile.ForgeFiller"},{"blockId":2258,"blockMeta":0,"blockName":"tile.ForgeFiller"},{"blockId":2259,"blockMeta":0,"blockName":"tile.ForgeFiller"},{"blockId":2260,"blockMeta":0,"blockName":"tile.ForgeFiller"},{"blockId":2261,"blockMeta":0,"blockName":"tile.ForgeFiller"},{"blockId":2262,"blockMeta":0,"blockName":"tile.ForgeFiller"},{"blockId":2263,"blockMeta":0,"blockName":"tile.ForgeFiller"},{"blockId":2264,"blockMeta":0,"blockName":"tile.ForgeFiller"},{"blockId":2265,"blockMeta":0,"blockName":"tile.ForgeFiller"},{"blockId":2266,"blockMeta":0,"blockName":"tile.ForgeFiller"},{"blockId":2267,"blockMeta":0,"blockName":"tile.ForgeFiller"},{"blockId":2830,"blockMeta":0,"blockName":"tile.betterstorage.crate"},{"blockId":2838,"blockMeta":0,"blockName":"tile.betterstorage.craftingStation"},{"blockId":2839,"blockMeta":0,"blockName":"tile.betterstorage.flintBlock"},{"blockId":3187,"blockMeta":0,"blockName":"tile.Smeltery"},{"blockId":3187,"blockMeta":1,"blockName":"tile.Smeltery"},{"blockId":3187,"blockMeta":2,"blockName":"tile.Smeltery"},{"blockId":3187,"blockMeta":3,"blockName":"tile.Smeltery"},{"blockId":3187,"blockMeta":4,"blockName":"tile.Smeltery"},{"blockId":3187,"blockMeta":5,"blockName":"tile.Smeltery"},{"blockId":3187,"blockMeta":6,"blockName":"tile.Smeltery"},{"blockId":3187,"blockMeta":7,"blockName":"tile.Smeltery"},{"blockId":3187,"blockMeta":8,"blockName":"tile.Smeltery"},{"blockId":3187,"blockMeta":9,"blockName":"tile.Smeltery"},{"blockId":3187,"blockMeta":10,"blockName":"tile.Smeltery"},{"blockId":3219,"blockMeta":0,"blockName":"tile.GlueBlock"},{"blockId":3226,"blockMeta":0,"blockName":"tile.tmechworks.redstoneMachine"},{"blockId":3226,"blockMeta":1,"blockName":"tile.tmechworks.redstoneMachine"},{"blockId":3226,"blockMeta":2,"blockName":"tile.tmechworks.redstoneMachine"},{"blockId":3226,"blockMeta":3,"blockName":"tile.tmechworks.redstoneMachine"},{"blockId":3237,"blockMeta":0,"blockName":"tile.slime.gel"},{"blockId":3237,"blockMeta":1,"blockName":"tile.slime.gel"},{"blockId":3238,"blockMeta":0,"blockName":"tile.slime.grass"},{"blockId":3240,"blockMeta":0,"blockName":"tile.slime.leaves"},{"blockId":3242,"blockMeta":0,"blockName":"tile.tconstruct.meatblock"},{"blockId":3247,"blockMeta":0,"blockName":"tile.explosive.slime"},{"blockId":3247,"blockMeta":1,"blockName":"tile.explosive.slime"},{"blockId":3364,"blockMeta":0,"blockName":"tile.machine2"},{"blockId":3364,"blockMeta":1,"blockName":"tile.machine2"},{"blockId":3364,"blockMeta":2,"blockName":"tile.machine2"},{"blockId":3372,"blockMeta":0,"blockName":"tile.gcBlockCore"},{"blockId":3372,"blockMeta":1,"blockName":"tile.gcBlockCore"},{"blockId":3372,"blockMeta":2,"blockName":"tile.gcBlockCore"},{"blockId":3372,"blockMeta":3,"blockName":"tile.gcBlockCore"},{"blockId":3372,"blockMeta":4,"blockName":"tile.gcBlockCore"},{"blockId":3372,"blockMeta":5,"blockName":"tile.gcBlockCore"},{"blockId":3372,"blockMeta":6,"blockName":"tile.gcBlockCore"},{"blockId":3372,"blockMeta":7,"blockName":"tile.gcBlockCore"},{"blockId":3372,"blockMeta":8,"blockName":"tile.gcBlockCore"},{"blockId":3373,"blockMeta":0,"blockName":"tile.airLockFrame"},{"blockId":3373,"blockMeta":1,"blockName":"tile.airLockFrame"},{"blockId":3379,"blockMeta":0,"blockName":"tile.enclosed"},{"blockId":3379,"blockMeta":1,"blockName":"tile.enclosed"},{"blockId":3379,"blockMeta":2,"blockName":"tile.enclosed"},{"blockId":3380,"blockMeta":0,"blockName":"tile.spaceStationBase"},{"blockId":3390,"blockMeta":0,"blockName":"tile.mars"},{"blockId":3390,"blockMeta":1,"blockName":"tile.mars"},{"blockId":3390,"blockMeta":2,"blockName":"tile.mars"},{"blockId":3390,"blockMeta":3,"blockName":"tile.mars"},{"blockId":3390,"blockMeta":4,"blockName":"tile.mars"},{"blockId":3390,"blockMeta":5,"blockName":"tile.mars"},{"blockId":3390,"blockMeta":6,"blockName":"tile.mars"},{"blockId":3390,"blockMeta":7,"blockName":"tile.mars"},{"blockId":3390,"blockMeta":8,"blockName":"tile.mars"},{"blockId":3390,"blockMeta":9,"blockName":"tile.mars"}]}