[
  {
    "signatures": [
      {
        "signature": "sha256:165b583b0b548405dd97019666f94a86ee1d1e3af227ae4dc82c6e27d6885bb1",
        "filename": "asm-all-4.1.jar"
      },
      {
        "signature": "sha256:68540a05a36a532d6ade7e7bc62474d6a9909272278a313e956928b5501ad45e",
        "filename": "notenoughcodecs-0.1.jar"
      },
      {
        "signature": "sha256:b2c4fbcc41d0fd1d27e00acd55f5b9d54d6ad1244aef2935d425c86d6b1ea26a",
        "filename": "WorldCore-universal-1.6.4-1.1.0.17.jar"
      },
      {
        "signature": "sha256:74920b1c096f98d7354e11b22d7632bee83dcae9a61e40edc6fbe4f94294c8b9",
        "filename": "argo-2.25_fixed.jar"
      },
      {
        "signature": "sha256:0c3085cb93c3ef95d731c274b6f2dd195aa0405fe9328d69cab7f5e899d5e124",
        "filename": "lzma-0.0.1.jar"
      },
      {
        "signature": "sha256:cd6e5b75a63718cd17aae9135963e2601d386a45e29713fda20e0e08934a5698",
        "filename": "projectredbase-1.6.4-4.3.7.32.jar"
      },
      {
        "signature": "sha256:f4513e51c766cdd1d32ca8acd0835d7e16e2851ebea3f2a3b4ce5ae696baf3ae",
        "filename": "1.6.4-Forge9.11.1.1345.jar"
      },
      {
        "signature": "sha256:db3ef73baef73b1f9d6a46a582dcd5a208be0b16542a42736782fbc4fc9aaaa9",
        "filename": "projectredintegration-1.6.4-4.3.7.32.jar"
      },
      {
        "signature": "sha256:c6886116486da2ffcf2d2eceb1d0bba1cfa9bba8caae003cf1cc0ba33e7d208b",
        "filename": "witchery-1.6.4-0.19.2.zip"
      },
      {
        "signature": "sha256:a986f7ce09c142a07bece863a43c0bbee6d09f00da475a4f8d22db7e8bbd1ac0",
        "filename": "furnituremodv3.3.3(1.6.4).jar"
      },
      {
        "signature": "sha256:bb7d17b340afe6abdfbfdaa03683bce4aef39a64887dbab0636eaff3cf2d59ba",
        "filename": "codecwav-20101023.jar"
      },
      {
        "signature": "sha256:6e6b77c76f5b16203a3880cb0af2c0db3879b4738c5465c8fb15ccd04ed28f53",
        "filename": "morphbeta-0.7.1.zip"
      },
      {
        "signature": "sha256:c231ef3d5fc6a422bbfa1e5c65cba1c242f272aa373282b7fc26623145ded63c",
        "filename": "galacticraft-1.6.4-2.0.13.1063.jar"
      },
      {
        "signature": "sha256:cc6a41dc3eaacc9e440a6bd0d2890b20d36b4ee408fe2d67122f328bb6e01581",
        "filename": "commons-io-2.4.jar"
      },
      {
        "signature": "sha256:e13b215277e4e5043a4e012ebf59c6629da95bc7e32a846f7bdd47fa76bc4088",
        "filename": "bibliowoods[natura][v1.1].zip"
      },
      {
        "signature": "sha256:e8e599a8c657f192ff50f579393ce071bfd798f8921cb3cee87ab41391f20013",
        "filename": "tmechworks_mc1.6.4_0.1.6.jar"
      },
      {
        "signature": "sha256:47493cdecc989f89ce2620673fa284e0f96ba32cb62d700654d657160f1f9120",
        "filename": "carpentersblocks v2.1.0 - MC 1.6+.zip"
      },
      {
        "signature": "sha256:50a5817baca04a171cbd77598f9e6a0be93e5980f663ab7a7b6c946a79b48de5",
        "filename": "artifice-1.1.3-243.jar"
      },
      {
        "signature": "sha256:2882d64550240dd0c026724da664d9f97ef205c91d6a85273d10790d88608f34",
        "filename": "soundsystem-20120107.jar"
      },
      {
        "signature": "sha256:b549205dad80a65e1ac60a7f034ac1817f4658def8d0a51514929f312f37e2b2",
        "filename": "thermalexpansion-3.0.0.7.jar"
      },
      {
        "signature": "sha256:5b0d9cc6d572dbb75fbd1ddef9dd6980ce481ff1d00ca2bf39e14a6cb34786ce",
        "filename": "notenoughkeys-1.6.4-0.0.4.jar"
      },
      {
        "signature": "sha256:9c9b82a8ae590d5ce21b570f4016ce21962937f4600cff39a9515caedfb71c45",
        "filename": "projectredcompat-1.6.4-4.3.7.32.jar"
      },
      {
        "signature": "sha256:6b303417e43ade007c9eaf5cfc292fb899731bd27aa093e10a070eb58cd62913",
        "filename": "foodplus-1.6.4-2.8PRE4.jar"
      },
      {
        "signature": "sha256:7acfb321c4b1fd35253b73dd2715f47cf3c38ee3ec4586d762c217114697df01",
        "filename": "minecraftforge-9.11.1.1345.jar"
      },
      {
        "signature": "sha256:9b49ec36ccdea13fbca8d1e1e2a74a8cc94e4fa0a9aced1fc74f8df32c1b1b99",
        "filename": "scala-library-2.10.2.jar"
      },
      {
        "signature": "sha256:1357a02ed71fd6787542b1c8880cecfb1f6af0d49a8641204853cc0ac117976b",
        "filename": "bibliocraft[v1.5.5].zip"
      },
      {
        "signature": "sha256:0b93216b7c94f7e797875ed3382f59123e275403d8bc828d5a889090ab9920bb",
        "filename": "notenoughitems 1.6.1.9.jar"
      },
      {
        "signature": "sha256:131f0519a8e4602e47cf024bfd7e0834bcf5592a7207f9a2fdb711d4f5afc166",
        "filename": "commons-lang3-3.1.jar"
      },
      {
        "signature": "sha256:f4b9f75b1d7db46da3e6ab773e11fcab723a5998680c685aea04e3efde39f8c4",
        "filename": "launchwrapper-1.8.jar"
      },
      {
        "signature": "sha256:c3334ff39cf0ab3b54925619101054c90098b7c733b1e7834c7b75e4c41e84a5",
        "filename": "jutils-1.0.0.jar"
      },
      {
        "signature": "sha256:171ec86dc5fba5728a2c528f1ebf5d3e275fe60000256a8d587ebc0301e71c0f",
        "filename": "bibliowoods[biomesoplenty][v1.3].zip"
      },
      {
        "signature": "sha256:019ae7f9bb54f08d7d8057fb6380c4bf8faaa878e501567913dcb3a3c0f95d9f",
        "filename": "scala-compiler-2.10.2.jar"
      },
      {
        "signature": "sha256:7f5511360f473ce471b28f6c175fb4bce4080c5abc6f2a654f5001b47cdcd118",
        "filename": "betterstorage-1.6.4-0.8.0.47.jar"
      },
      {
        "signature": "sha256:c0127b076e3056f58294e4ae6c01a96599b8f58200345eb6f859192a2d9b2962",
        "filename": "guava-14.0.jar"
      },
      {
        "signature": "sha256:ec1cd70e6a88541beb24de14e9fd9668e12ac3364aaa007c61e27be00f7f2959",
        "filename": "hats2.1.8.zip"
      },
      {
        "signature": "sha256:107d11509f6af59b8c2ba23df828bc5d3c4e067b58f3d858c7deb90ca5308f84",
        "filename": "librarylwjglopenal-20100824.jar"
      },
      {
        "signature": "sha256:9cc447d14830ef299569369430f14b2f8dbaefd43d8e7fac9dfa2ab8b72f6b35",
        "filename": "advgen.jar"
      },
      {
        "signature": "sha256:b898eeffdab15764ae33687b48160db3259389972be6ce9adb3ff3db3df3c262",
        "filename": "codechickencore 0.9.0.9.jar"
      },
      {
        "signature": "sha256:8c1bf2eed7aeafc78be9709b79179a41a5b1d6e453ca1e74ea406ff9407f80b7",
        "filename": "neiplugins-1.1.0.6.jar"
      },
      {
        "signature": "sha256:dca4d8e39cd9231f5b39bca6653e15997f022b16d8c9e13edd063ee62a97fd1f",
        "filename": "cofhcore-2.0.0.5.jar"
      },
      {
        "signature": "sha256:4143a0a63f1e0a039c0c788c3ce5ea994ccc1ff99438986dde6b35293193ac37",
        "filename": "galacticraft-planets-1.6.4-2.0.13.1063.jar"
      },
      {
        "signature": "sha256:79b5a4f5829e1a49a415711f7fb8eb5b9ad22defa72929fda2da96ec30d3f018",
        "filename": "jinput-2.0.5.jar"
      },
      {
        "signature": "sha256:7fb12d09f041c294f08a0a51a2808438092273b51628eecaf2e0d0030b7556f5",
        "filename": "bcprov-jdk15on-1.47.jar"
      },
      {
        "signature": "sha256:333bbefeff5eb1722dc9b8d2e26c38bc69c1efa07d0ca870480f29d8858aa336",
        "filename": "libraryjavasound-20101123.jar"
      },
      {
        "signature": "sha256:f3db6941c95f5c456a0391f0006d28c2e342230bd8aa55a05ccbf1792bfbaaf0",
        "filename": "projectredmechanical-BETA-1.6.4-4.3.7.32.jar"
      },
      {
        "signature": "sha256:8a425ff2bc1b5c358c6c40963cb7684c7fa99a04b81d45d4b520cb5625fd956e",
        "filename": "openblocks-1.2.9.jar"
      },
      {
        "signature": "sha256:9c15ca396521f378365bd74e0fa51c67f312aef0cada07668f35ba26b39ca04c",
        "filename": "archimedesships.zip"
      },
      {
        "signature": "sha256:98eaaadbd3a106d4c6b071024b582955ee926e9520b9450c7d78b51260a24489",
        "filename": "flansmod-4.1.1.jar"
      },
      {
        "signature": "sha256:f139aa5e6beb5eed306dc74e5e60d37a8c428671e957953a5652bbcab20b319a",
        "filename": "necromancy_1.6.4.zip"
      },
      {
        "signature": "sha256:c5fb453896fb511a7f949090795c79773f6d6c92e4d13d1f3100f4b2e331471a",
        "filename": "lwjgl-2.9.0.jar"
      },
      {
        "signature": "sha256:380e27705033d47d7e00c0297e74fd94b5f59ecbc66f589e3c48ca53b9e4433f",
        "filename": "CodeChickenLib-universal-1.6.4-1.0.0.62.jar"
      },
      {
        "signature": "sha256:4e9f1414bb15ea3f4e55c73283449e8ff9c6a7344cb7660ef453b14e1ce6bdec",
        "filename": "chiseloverride-v1.0.0.jar"
      },
      {
        "signature": "sha256:7abdf0d936282655da36cd420f4420de2a05e3cfb2f0b0e46083b9fb66f88b93",
        "filename": "tconstruct_mc1.6.4_1.5.5.7.jar"
      },
      {
        "signature": "sha256:b8b74757671d06234e3870096f2bd05fd6dc3fb3f76142d3dc7009f93da56078",
        "filename": "biomesoplenty-universal-1.6.4-1.2.1.434.jar"
      },
      {
        "signature": "sha256:b6cc8b30bc0629e5d82409781cff3c45571506083396506567a428fd566829c7",
        "filename": "projectredworld-1.6.4-4.3.7.32.jar"
      },
      {
        "signature": "sha256:6c4b4e50e608763564afa1bde2d25ece9dd715e7c9129540faa1faded4896506",
        "filename": "codecjorbis-20101023.jar"
      },
      {
        "signature": "sha256:e0d08e8b64a81076ea137b9093b340eaf8c1310b6a1f5252a74a90cd9c6b6681",
        "filename": "micdoodlecore-1.6.4-2.0.13.1063.jar"
      },
      {
        "signature": "sha256:67c050cfe7a1ba11e4886f8fd2614ab24107f0b669763f6e59c309fb336a251b",
        "filename": "openeye-0.6-1.6.4.jar"
      },
      {
        "signature": "sha256:474c2ca620f4147c72db9fa582993688d3c9bca5aed9d9e937ec4fa89b3c2fad",
        "filename": "lwjgl_util-2.9.0.jar"
      },
      {
        "signature": "sha256:ce0c3125f8b3d3c7cd039c365d33aee346d557c511885c6d5a2e05b49343b713",
        "filename": "openmodslib-0.5.1.jar"
      },
      {
        "signature": "sha256:674842f66bff1cd7ab86571dc4de4bb716acb8823b0a0f473cc78d65b3a1b018",
        "filename": "ForgeMultipart-universal-1.6.4-1.0.0.250.jar"
      },
      {
        "signature": "sha256:64335a48be6b142a7d0c13ec5c82a707857aa58c0234e6eda3eaca0e96eea51b",
        "filename": "jopt-simple-4.5.jar"
      },
      {
        "signature": "sha256:98358474c0be818b925d28d282b81a3f2307f372f1dd71eab968c0c35fdee335",
        "filename": "projectredlighting-1.6.4-4.3.7.32.jar"
      },
      {
        "signature": "sha256:0f2b5f715a5506cc14ed352e5ff406b4c480a06344a479629b85e76c2aae7faa",
        "filename": "gson-2.2.2.jar"
      }
    ],
    "addedSignatures": [
      "sha256:674842f66bff1cd7ab86571dc4de4bb716acb8823b0a0f473cc78d65b3a1b018",
      "sha256:79b5a4f5829e1a49a415711f7fb8eb5b9ad22defa72929fda2da96ec30d3f018",
      "sha256:ce0c3125f8b3d3c7cd039c365d33aee346d557c511885c6d5a2e05b49343b713",
      "sha256:6e6b77c76f5b16203a3880cb0af2c0db3879b4738c5465c8fb15ccd04ed28f53",
      "sha256:64335a48be6b142a7d0c13ec5c82a707857aa58c0234e6eda3eaca0e96eea51b",
      "sha256:c3334ff39cf0ab3b54925619101054c90098b7c733b1e7834c7b75e4c41e84a5",
      "sha256:0c3085cb93c3ef95d731c274b6f2dd195aa0405fe9328d69cab7f5e899d5e124",
      "sha256:dca4d8e39cd9231f5b39bca6653e15997f022b16d8c9e13edd063ee62a97fd1f",
      "sha256:0f2b5f715a5506cc14ed352e5ff406b4c480a06344a479629b85e76c2aae7faa",
      "sha256:f3db6941c95f5c456a0391f0006d28c2e342230bd8aa55a05ccbf1792bfbaaf0",
      "sha256:474c2ca620f4147c72db9fa582993688d3c9bca5aed9d9e937ec4fa89b3c2fad",
      "sha256:50a5817baca04a171cbd77598f9e6a0be93e5980f663ab7a7b6c946a79b48de5",
      "sha256:8a425ff2bc1b5c358c6c40963cb7684c7fa99a04b81d45d4b520cb5625fd956e",
      "sha256:6b303417e43ade007c9eaf5cfc292fb899731bd27aa093e10a070eb58cd62913",
      "sha256:b2c4fbcc41d0fd1d27e00acd55f5b9d54d6ad1244aef2935d425c86d6b1ea26a",
      "sha256:165b583b0b548405dd97019666f94a86ee1d1e3af227ae4dc82c6e27d6885bb1",
      "sha256:68540a05a36a532d6ade7e7bc62474d6a9909272278a313e956928b5501ad45e",
      "sha256:cc6a41dc3eaacc9e440a6bd0d2890b20d36b4ee408fe2d67122f328bb6e01581",
      "sha256:380e27705033d47d7e00c0297e74fd94b5f59ecbc66f589e3c48ca53b9e4433f",
      "sha256:7fb12d09f041c294f08a0a51a2808438092273b51628eecaf2e0d0030b7556f5",
      "sha256:c0127b076e3056f58294e4ae6c01a96599b8f58200345eb6f859192a2d9b2962",
      "sha256:7abdf0d936282655da36cd420f4420de2a05e3cfb2f0b0e46083b9fb66f88b93",
      "sha256:107d11509f6af59b8c2ba23df828bc5d3c4e067b58f3d858c7deb90ca5308f84",
      "sha256:5b0d9cc6d572dbb75fbd1ddef9dd6980ce481ff1d00ca2bf39e14a6cb34786ce",
      "sha256:e0d08e8b64a81076ea137b9093b340eaf8c1310b6a1f5252a74a90cd9c6b6681",
      "sha256:74920b1c096f98d7354e11b22d7632bee83dcae9a61e40edc6fbe4f94294c8b9",
      "sha256:019ae7f9bb54f08d7d8057fb6380c4bf8faaa878e501567913dcb3a3c0f95d9f",
      "sha256:4e9f1414bb15ea3f4e55c73283449e8ff9c6a7344cb7660ef453b14e1ce6bdec",
      "sha256:47493cdecc989f89ce2620673fa284e0f96ba32cb62d700654d657160f1f9120",
      "sha256:131f0519a8e4602e47cf024bfd7e0834bcf5592a7207f9a2fdb711d4f5afc166",
      "sha256:4143a0a63f1e0a039c0c788c3ce5ea994ccc1ff99438986dde6b35293193ac37",
      "sha256:a986f7ce09c142a07bece863a43c0bbee6d09f00da475a4f8d22db7e8bbd1ac0",
      "sha256:db3ef73baef73b1f9d6a46a582dcd5a208be0b16542a42736782fbc4fc9aaaa9",
      "sha256:b6cc8b30bc0629e5d82409781cff3c45571506083396506567a428fd566829c7",
      "sha256:b8b74757671d06234e3870096f2bd05fd6dc3fb3f76142d3dc7009f93da56078",
      "sha256:333bbefeff5eb1722dc9b8d2e26c38bc69c1efa07d0ca870480f29d8858aa336",
      "sha256:0b93216b7c94f7e797875ed3382f59123e275403d8bc828d5a889090ab9920bb",
      "sha256:67c050cfe7a1ba11e4886f8fd2614ab24107f0b669763f6e59c309fb336a251b",
      "sha256:7acfb321c4b1fd35253b73dd2715f47cf3c38ee3ec4586d762c217114697df01",
      "sha256:9c15ca396521f378365bd74e0fa51c67f312aef0cada07668f35ba26b39ca04c",
      "sha256:c5fb453896fb511a7f949090795c79773f6d6c92e4d13d1f3100f4b2e331471a",
      "sha256:2882d64550240dd0c026724da664d9f97ef205c91d6a85273d10790d88608f34",
      "sha256:9c9b82a8ae590d5ce21b570f4016ce21962937f4600cff39a9515caedfb71c45",
      "sha256:c6886116486da2ffcf2d2eceb1d0bba1cfa9bba8caae003cf1cc0ba33e7d208b",
      "sha256:98eaaadbd3a106d4c6b071024b582955ee926e9520b9450c7d78b51260a24489",
      "sha256:ec1cd70e6a88541beb24de14e9fd9668e12ac3364aaa007c61e27be00f7f2959",
      "sha256:9cc447d14830ef299569369430f14b2f8dbaefd43d8e7fac9dfa2ab8b72f6b35",
      "sha256:8c1bf2eed7aeafc78be9709b79179a41a5b1d6e453ca1e74ea406ff9407f80b7",
      "sha256:cd6e5b75a63718cd17aae9135963e2601d386a45e29713fda20e0e08934a5698",
      "sha256:f4513e51c766cdd1d32ca8acd0835d7e16e2851ebea3f2a3b4ce5ae696baf3ae",
      "sha256:7f5511360f473ce471b28f6c175fb4bce4080c5abc6f2a654f5001b47cdcd118",
      "sha256:f139aa5e6beb5eed306dc74e5e60d37a8c428671e957953a5652bbcab20b319a",
      "sha256:1357a02ed71fd6787542b1c8880cecfb1f6af0d49a8641204853cc0ac117976b",
      "sha256:b898eeffdab15764ae33687b48160db3259389972be6ce9adb3ff3db3df3c262",
      "sha256:e8e599a8c657f192ff50f579393ce071bfd798f8921cb3cee87ab41391f20013",
      "sha256:b549205dad80a65e1ac60a7f034ac1817f4658def8d0a51514929f312f37e2b2",
      "sha256:f4b9f75b1d7db46da3e6ab773e11fcab723a5998680c685aea04e3efde39f8c4",
      "sha256:98358474c0be818b925d28d282b81a3f2307f372f1dd71eab968c0c35fdee335",
      "sha256:e13b215277e4e5043a4e012ebf59c6629da95bc7e32a846f7bdd47fa76bc4088",
      "sha256:bb7d17b340afe6abdfbfdaa03683bce4aef39a64887dbab0636eaff3cf2d59ba",
      "sha256:6c4b4e50e608763564afa1bde2d25ece9dd715e7c9129540faa1faded4896506",
      "sha256:9b49ec36ccdea13fbca8d1e1e2a74a8cc94e4fa0a9aced1fc74f8df32c1b1b99",
      "sha256:171ec86dc5fba5728a2c528f1ebf5d3e275fe60000256a8d587ebc0301e71c0f",
      "sha256:c231ef3d5fc6a422bbfa1e5c65cba1c242f272aa373282b7fc26623145ded63c"
    ],
    "removedSignatures": [],
    "workTime": 782800.7,
    "language": "en_us",
    "locale": "en_US",
    "timezone": "America/Los_Angeles",
    "branding": [
      "Minecraft 1.6.4",
      "MCP v8.11",
      "FML v6.4.50.1,345",
      "Minecraft Forge 9.11.1.1345",
      "58 mods loaded, 58 mods active"
    ],
    "runtime": {
      "mcp": "MCP v8.11",
      "fml": "6.4.50.1,345",
      "forge": "9.11.1.1345"
    },
    "minecraft": "Minecraft 1.6.4",
    "javaVersion": "Oracle Corporation 1.8.0_74",
    "side": "client",
    "obfuscated": true,
    "type": "analytics"
  },
  {
    "states": [
      {
        "signature": "sha256:165b583b0b548405dd97019666f94a86ee1d1e3af227ae4dc82c6e27d6885bb1",
        "mods": []
      },
      {
        "signature": "sha256:68540a05a36a532d6ade7e7bc62474d6a9909272278a313e956928b5501ad45e",
        "mods": [
          {
            "modId": "NotEnoughCodecs",
            "state": "Constructed"
          }
        ]
      },
      {
        "signature": "sha256:b2c4fbcc41d0fd1d27e00acd55f5b9d54d6ad1244aef2935d425c86d6b1ea26a",
        "mods": []
      },
      {
        "signature": "sha256:74920b1c096f98d7354e11b22d7632bee83dcae9a61e40edc6fbe4f94294c8b9",
        "mods": []
      },
      {
        "signature": "sha256:0c3085cb93c3ef95d731c274b6f2dd195aa0405fe9328d69cab7f5e899d5e124",
        "mods": []
      },
      {
        "signature": "sha256:cd6e5b75a63718cd17aae9135963e2601d386a45e29713fda20e0e08934a5698",
        "mods": [
          {
            "modId": "ProjRed|Core",
            "state": "Constructed"
          }
        ]
      },
      {
        "signature": "sha256:f4513e51c766cdd1d32ca8acd0835d7e16e2851ebea3f2a3b4ce5ae696baf3ae",
        "mods": []
      },
      {
        "signature": "sha256:db3ef73baef73b1f9d6a46a582dcd5a208be0b16542a42736782fbc4fc9aaaa9",
        "mods": [
          {
            "modId": "ProjRed|Integration",
            "state": "Constructed"
          },
          {
            "modId": "ProjRed|Transmission",
            "state": "Constructed"
          }
        ]
      },
      {
        "signature": "sha256:c6886116486da2ffcf2d2eceb1d0bba1cfa9bba8caae003cf1cc0ba33e7d208b",
        "mods": [
          {
            "modId": "witchery",
            "state": "Unloaded"
          }
        ]
      },
      {
        "signature": "sha256:bb7d17b340afe6abdfbfdaa03683bce4aef39a64887dbab0636eaff3cf2d59ba",
        "mods": []
      },
      {
        "signature": "sha256:6e6b77c76f5b16203a3880cb0af2c0db3879b4738c5465c8fb15ccd04ed28f53",
        "mods": [
          {
            "modId": "Morph",
            "state": "Constructed"
          }
        ]
      },
      {
        "signature": "sha256:c231ef3d5fc6a422bbfa1e5c65cba1c242f272aa373282b7fc26623145ded63c",
        "mods": [
          {
            "modId": "GalacticraftCore",
            "state": "Constructed"
          }
        ]
      },
      {
        "signature": "sha256:cc6a41dc3eaacc9e440a6bd0d2890b20d36b4ee408fe2d67122f328bb6e01581",
        "mods": []
      },
      {
        "signature": "sha256:e13b215277e4e5043a4e012ebf59c6629da95bc7e32a846f7bdd47fa76bc4088",
        "mods": [
          {
            "modId": "BiblioWoodsNatura",
            "state": "Constructed"
          }
        ]
      },
      {
        "signature": "sha256:e8e599a8c657f192ff50f579393ce071bfd798f8921cb3cee87ab41391f20013",
        "mods": [
          {
            "modId": "TMechworks",
            "state": "Constructed"
          }
        ]
      },
      {
        "signature": "sha256:47493cdecc989f89ce2620673fa284e0f96ba32cb62d700654d657160f1f9120",
        "mods": [
          {
            "modId": "CarpentersBlocks",
            "state": "Constructed"
          }
        ]
      },
      {
        "signature": "sha256:50a5817baca04a171cbd77598f9e6a0be93e5980f663ab7a7b6c946a79b48de5",
        "mods": [
          {
            "modId": "ArtificeCompat|Thaumcraft",
            "state": "Constructed"
          },
          {
            "modId": "ArtificeCompat|EE3",
            "state": "Constructed"
          },
          {
            "modId": "Artifice",
            "state": "Constructed"
          },
          {
            "modId": "ArtificeCompat|MFR",
            "state": "Constructed"
          },
          {
            "modId": "ArtificeCompat|Vanilla",
            "state": "Constructed"
          },
          {
            "modId": "ArtificeCompat|ForgeMicroblock",
            "state": "Constructed"
          },
          {
            "modId": "ArtificeCompat|Forestry",
            "state": "Constructed"
          },
          {
            "modId": "ArtificeCompat|Buildcraft",
            "state": "Constructed"
          }
        ]
      },
      {
        "signature": "sha256:2882d64550240dd0c026724da664d9f97ef205c91d6a85273d10790d88608f34",
        "mods": []
      },
      {
        "signature": "sha256:b549205dad80a65e1ac60a7f034ac1817f4658def8d0a51514929f312f37e2b2",
        "mods": [
          {
            "modId": "ThermalExpansion",
            "state": "Constructed"
          }
        ]
      },
      {
        "signature": "sha256:5b0d9cc6d572dbb75fbd1ddef9dd6980ce481ff1d00ca2bf39e14a6cb34786ce",
        "mods": [
          {
            "modId": "notenoughkeys",
            "state": "Constructed"
          }
        ]
      },
      {
        "signature": "sha256:9c9b82a8ae590d5ce21b570f4016ce21962937f4600cff39a9515caedfb71c45",
        "mods": [
          {
            "modId": "ProjRed|Compatibility",
            "state": "Constructed"
          }
        ]
      },
      {
        "signature": "sha256:6b303417e43ade007c9eaf5cfc292fb899731bd27aa093e10a070eb58cd62913",
        "mods": [
          {
            "modId": "FoodPlus",
            "state": "Constructed"
          }
        ]
      },
      {
        "signature": "sha256:7acfb321c4b1fd35253b73dd2715f47cf3c38ee3ec4586d762c217114697df01",
        "mods": [
          {
            "modId": "FML",
            "state": "Constructed"
          },
          {
            "modId": "Forge",
            "state": "Constructed"
          }
        ]
      },
      {
        "signature": "sha256:9b49ec36ccdea13fbca8d1e1e2a74a8cc94e4fa0a9aced1fc74f8df32c1b1b99",
        "mods": []
      },
      {
        "signature": "sha256:03ec28a909ccb5059c9222299a298d72554f6d88961727efd285f07d2743ef85",
        "mods": [
          {
            "modId": "Statues",
            "state": "Constructed"
          }
        ]
      },
      {
        "signature": "sha256:1357a02ed71fd6787542b1c8880cecfb1f6af0d49a8641204853cc0ac117976b",
        "mods": [
          {
            "modId": "BiblioCraft",
            "state": "Constructed"
          }
        ]
      },
      {
        "signature": "sha256:0b93216b7c94f7e797875ed3382f59123e275403d8bc828d5a889090ab9920bb",
        "mods": [
          {
            "modId": "NotEnoughItems",
            "state": "Constructed"
          }
        ]
      },
      {
        "signature": "sha256:131f0519a8e4602e47cf024bfd7e0834bcf5592a7207f9a2fdb711d4f5afc166",
        "mods": []
      },
      {
        "signature": "sha256:f4b9f75b1d7db46da3e6ab773e11fcab723a5998680c685aea04e3efde39f8c4",
        "mods": []
      },
      {
        "signature": "sha256:c3334ff39cf0ab3b54925619101054c90098b7c733b1e7834c7b75e4c41e84a5",
        "mods": []
      },
      {
        "signature": "sha256:171ec86dc5fba5728a2c528f1ebf5d3e275fe60000256a8d587ebc0301e71c0f",
        "mods": [
          {
            "modId": "BiblioWoodsBoP",
            "state": "Constructed"
          }
        ]
      },
      {
        "signature": "sha256:019ae7f9bb54f08d7d8057fb6380c4bf8faaa878e501567913dcb3a3c0f95d9f",
        "mods": []
      },
      {
        "signature": "sha256:7f5511360f473ce471b28f6c175fb4bce4080c5abc6f2a654f5001b47cdcd118",
        "mods": [
          {
            "modId": "betterstorage",
            "state": "Constructed"
          }
        ]
      },
      {
        "signature": "sha256:b1aee12ee1558c238d40fbcf16d5e88a808ba0d50d7d920e1f2fe0b8c3a3f40f",
        "mods": [
          {
            "modId": "inventorytweaks",
            "state": "Constructed"
          }
        ]
      },
      {
        "signature": "sha256:c0127b076e3056f58294e4ae6c01a96599b8f58200345eb6f859192a2d9b2962",
        "mods": []
      },
      {
        "signature": "sha256:ec1cd70e6a88541beb24de14e9fd9668e12ac3364aaa007c61e27be00f7f2959",
        "mods": [
          {
            "modId": "Hats",
            "state": "Constructed"
          }
        ]
      },
      {
        "signature": "sha256:107d11509f6af59b8c2ba23df828bc5d3c4e067b58f3d858c7deb90ca5308f84",
        "mods": []
      },
      {
        "signature": "sha256:9cc447d14830ef299569369430f14b2f8dbaefd43d8e7fac9dfa2ab8b72f6b35",
        "mods": [
          {
            "modId": "advancedgenetics",
            "state": "Constructed"
          }
        ]
      },
      {
        "signature": "sha256:b898eeffdab15764ae33687b48160db3259389972be6ce9adb3ff3db3df3c262",
        "mods": []
      },
      {
        "signature": "sha256:8c1bf2eed7aeafc78be9709b79179a41a5b1d6e453ca1e74ea406ff9407f80b7",
        "mods": [
          {
            "modId": "NEIPlugins",
            "state": "Constructed"
          }
        ]
      },
      {
        "signature": "sha256:dca4d8e39cd9231f5b39bca6653e15997f022b16d8c9e13edd063ee62a97fd1f",
        "mods": [
          {
            "modId": "CoFHCore",
            "state": "Constructed"
          },
          {
            "modId": "CoFHLoot",
            "state": "Constructed"
          },
          {
            "modId": "CoFHMasquerade",
            "state": "Constructed"
          },
          {
            "modId": "CoFHWorld",
            "state": "Constructed"
          },
          {
            "modId": "CoFHSocial",
            "state": "Constructed"
          }
        ]
      },
      {
        "signature": "sha256:4143a0a63f1e0a039c0c788c3ce5ea994ccc1ff99438986dde6b35293193ac37",
        "mods": [
          {
            "modId": "GalacticraftMars",
            "state": "Constructed"
          }
        ]
      },
      {
        "signature": "sha256:79b5a4f5829e1a49a415711f7fb8eb5b9ad22defa72929fda2da96ec30d3f018",
        "mods": []
      },
      {
        "signature": "sha256:7fb12d09f041c294f08a0a51a2808438092273b51628eecaf2e0d0030b7556f5",
        "mods": []
      },
      {
        "signature": "sha256:333bbefeff5eb1722dc9b8d2e26c38bc69c1efa07d0ca870480f29d8858aa336",
        "mods": []
      },
      {
        "signature": "sha256:f3db6941c95f5c456a0391f0006d28c2e342230bd8aa55a05ccbf1792bfbaaf0",
        "mods": [
          {
            "modId": "ProjRed|Expansion",
            "state": "Constructed"
          },
          {
            "modId": "ProjRed|Transportation",
            "state": "Constructed"
          }
        ]
      },
      {
        "signature": "sha256:8a425ff2bc1b5c358c6c40963cb7684c7fa99a04b81d45d4b520cb5625fd956e",
        "mods": [
          {
            "modId": "OpenBlocks",
            "state": "Constructed"
          }
        ]
      },
      {
        "signature": "sha256:9c15ca396521f378365bd74e0fa51c67f312aef0cada07668f35ba26b39ca04c",
        "mods": [
          {
            "modId": "ArchimedesShipsMod",
            "state": "Constructed"
          }
        ]
      },
      {
        "signature": "sha256:98eaaadbd3a106d4c6b071024b582955ee926e9520b9450c7d78b51260a24489",
        "mods": [
          {
            "modId": "FlansMod",
            "state": "Constructed"
          }
        ]
      },
      {
        "signature": "sha256:f139aa5e6beb5eed306dc74e5e60d37a8c428671e957953a5652bbcab20b319a",
        "mods": [
          {
            "modId": "necromancy",
            "state": "Constructed"
          }
        ]
      },
      {
        "signature": "sha256:c5fb453896fb511a7f949090795c79773f6d6c92e4d13d1f3100f4b2e331471a",
        "mods": []
      },
      {
        "signature": "sha256:380e27705033d47d7e00c0297e74fd94b5f59ecbc66f589e3c48ca53b9e4433f",
        "mods": []
      },
      {
        "signature": "sha256:fac57e3cf92ca6368929432a3bd6abbf8be5af05526c3c46c7301ddfe468584e",
        "mods": [
          {
            "modId": "tropicraftmod",
            "state": "Unloaded"
          },
          {
            "modId": "volleyballmod",
            "state": "Unloaded"
          }
        ]
      },
      {
        "signature": "sha256:4e9f1414bb15ea3f4e55c73283449e8ff9c6a7344cb7660ef453b14e1ce6bdec",
        "mods": []
      },
      {
        "signature": "sha256:7abdf0d936282655da36cd420f4420de2a05e3cfb2f0b0e46083b9fb66f88b93",
        "mods": [
          {
            "modId": "TConstruct",
            "state": "Constructed"
          }
        ]
      },
      {
        "signature": "sha256:b8b74757671d06234e3870096f2bd05fd6dc3fb3f76142d3dc7009f93da56078",
        "mods": [
          {
            "modId": "BiomesOPlenty",
            "state": "Constructed"
          }
        ]
      },
      {
        "signature": "sha256:b6cc8b30bc0629e5d82409781cff3c45571506083396506567a428fd566829c7",
        "mods": [
          {
            "modId": "ProjRed|Exploration",
            "state": "Constructed"
          }
        ]
      },
      {
        "signature": "sha256:6c4b4e50e608763564afa1bde2d25ece9dd715e7c9129540faa1faded4896506",
        "mods": []
      },
      {
        "signature": "sha256:e0d08e8b64a81076ea137b9093b340eaf8c1310b6a1f5252a74a90cd9c6b6681",
        "mods": []
      },
      {
        "signature": "sha256:67c050cfe7a1ba11e4886f8fd2614ab24107f0b669763f6e59c309fb336a251b",
        "mods": [
          {
            "modId": "OpenEye",
            "state": "Constructed"
          }
        ]
      },
      {
        "signature": "sha256:474c2ca620f4147c72db9fa582993688d3c9bca5aed9d9e937ec4fa89b3c2fad",
        "mods": []
      },
      {
        "signature": "sha256:ce0c3125f8b3d3c7cd039c365d33aee346d557c511885c6d5a2e05b49343b713",
        "mods": [
          {
            "modId": "OpenMods",
            "state": "Constructed"
          }
        ]
      },
      {
        "signature": "sha256:059e23df8d0c50c6a59802120f6f18272b8e1116e5deab6c02bae7e23bb75fec",
        "mods": [
          {
            "modId": "Autoutils",
            "state": "Constructed"
          }
        ]
      },
      {
        "signature": "sha256:674842f66bff1cd7ab86571dc4de4bb716acb8823b0a0f473cc78d65b3a1b018",
        "mods": [
          {
            "modId": "McMultipart",
            "state": "Constructed"
          },
          {
            "modId": "ForgeMultipart",
            "state": "Constructed"
          },
          {
            "modId": "ForgeMicroblock",
            "state": "Unloaded"
          }
        ]
      },
      {
        "signature": "sha256:64335a48be6b142a7d0c13ec5c82a707857aa58c0234e6eda3eaca0e96eea51b",
        "mods": []
      },
      {
        "signature": "sha256:98358474c0be818b925d28d282b81a3f2307f372f1dd71eab968c0c35fdee335",
        "mods": [
          {
            "modId": "ProjRed|Illumination",
            "state": "Constructed"
          }
        ]
      },
      {
        "signature": "sha256:0f2b5f715a5506cc14ed352e5ff406b4c480a06344a479629b85e76c2aae7faa",
        "mods": []
      }
    ],
    "timestamp": 1716707824587,
    "location": "crash_handler",
    "exception": {
      "stack": [
        {
          "class": "java.lang.Class",
          "method": "forName0",
          "file": "Class.java",
          "line": -2,
          "signatures": []
        },
        {
          "class": "java.lang.Class",
          "method": "forName",
          "file": "Class.java",
          "line": 348,
          "signatures": []
        },
        {
          "class": "cpw.mods.fml.common.ProxyInjector",
          "method": "inject",
          "file": "ProxyInjector.java",
          "line": 42
        },
        {
          "class": "cpw.mods.fml.common.FMLModContainer",
          "method": "constructMod",
          "file": "FMLModContainer.java",
          "line": 524
        },
        {
          "class": "sun.reflect.GeneratedMethodAccessor2",
          "method": "invoke",
          "line": -1,
          "signatures": []
        },
        {
          "class": "sun.reflect.DelegatingMethodAccessorImpl",
          "method": "invoke",
          "file": "DelegatingMethodAccessorImpl.java",
          "line": 43,
          "signatures": []
        },
        {
          "class": "java.lang.reflect.Method",
          "method": "invoke",
          "file": "Method.java",
          "line": 498,
          "signatures": []
        },
        {
          "class": "com.google.common.eventbus.EventHandler",
          "method": "handleEvent",
          "file": "EventHandler.java",
          "line": 74,
          "source": "sha256:c0127b076e3056f58294e4ae6c01a96599b8f58200345eb6f859192a2d9b2962",
          "signatures": [
            "sha256:c0127b076e3056f58294e4ae6c01a96599b8f58200345eb6f859192a2d9b2962"
          ]
        },
        {
          "class": "com.google.common.eventbus.SynchronizedEventHandler",
          "method": "handleEvent",
          "file": "SynchronizedEventHandler.java",
          "line": 45,
          "source": "sha256:c0127b076e3056f58294e4ae6c01a96599b8f58200345eb6f859192a2d9b2962",
          "signatures": [
            "sha256:c0127b076e3056f58294e4ae6c01a96599b8f58200345eb6f859192a2d9b2962"
          ]
        },
        {
          "class": "com.google.common.eventbus.EventBus",
          "method": "dispatch",
          "file": "EventBus.java",
          "line": 313,
          "source": "sha256:c0127b076e3056f58294e4ae6c01a96599b8f58200345eb6f859192a2d9b2962",
          "signatures": [
            "sha256:c0127b076e3056f58294e4ae6c01a96599b8f58200345eb6f859192a2d9b2962"
          ]
        },
        {
          "class": "com.google.common.eventbus.EventBus",
          "method": "dispatchQueuedEvents",
          "file": "EventBus.java",
          "line": 296,
          "source": "sha256:c0127b076e3056f58294e4ae6c01a96599b8f58200345eb6f859192a2d9b2962",
          "signatures": [
            "sha256:c0127b076e3056f58294e4ae6c01a96599b8f58200345eb6f859192a2d9b2962"
          ]
        },
        {
          "class": "com.google.common.eventbus.EventBus",
          "method": "post",
          "file": "EventBus.java",
          "line": 267,
          "source": "sha256:c0127b076e3056f58294e4ae6c01a96599b8f58200345eb6f859192a2d9b2962",
          "signatures": [
            "sha256:c0127b076e3056f58294e4ae6c01a96599b8f58200345eb6f859192a2d9b2962"
          ]
        },
        {
          "class": "cpw.mods.fml.common.LoadController",
          "method": "sendEventToModContainer",
          "file": "LoadController.java",
          "line": 201
        },
        {
          "class": "cpw.mods.fml.common.LoadController",
          "method": "propogateStateMessage",
          "file": "LoadController.java",
          "line": 181
        },
        {
          "class": "sun.reflect.NativeMethodAccessorImpl",
          "method": "invoke0",
          "file": "NativeMethodAccessorImpl.java",
          "line": -2,
          "signatures": []
        },
        {
          "class": "sun.reflect.NativeMethodAccessorImpl",
          "method": "invoke",
          "file": "NativeMethodAccessorImpl.java",
          "line": 62,
          "signatures": []
        },
        {
          "class": "sun.reflect.DelegatingMethodAccessorImpl",
          "method": "invoke",
          "file": "DelegatingMethodAccessorImpl.java",
          "line": 43,
          "signatures": []
        },
        {
          "class": "java.lang.reflect.Method",
          "method": "invoke",
          "file": "Method.java",
          "line": 498,
          "signatures": []
        },
        {
          "class": "com.google.common.eventbus.EventHandler",
          "method": "handleEvent",
          "file": "EventHandler.java",
          "line": 74,
          "source": "sha256:c0127b076e3056f58294e4ae6c01a96599b8f58200345eb6f859192a2d9b2962",
          "signatures": [
            "sha256:c0127b076e3056f58294e4ae6c01a96599b8f58200345eb6f859192a2d9b2962"
          ]
        },
        {
          "class": "com.google.common.eventbus.SynchronizedEventHandler",
          "method": "handleEvent",
          "file": "SynchronizedEventHandler.java",
          "line": 45,
          "source": "sha256:c0127b076e3056f58294e4ae6c01a96599b8f58200345eb6f859192a2d9b2962",
          "signatures": [
            "sha256:c0127b076e3056f58294e4ae6c01a96599b8f58200345eb6f859192a2d9b2962"
          ]
        },
        {
          "class": "com.google.common.eventbus.EventBus",
          "method": "dispatch",
          "file": "EventBus.java",
          "line": 313,
          "source": "sha256:c0127b076e3056f58294e4ae6c01a96599b8f58200345eb6f859192a2d9b2962",
          "signatures": [
            "sha256:c0127b076e3056f58294e4ae6c01a96599b8f58200345eb6f859192a2d9b2962"
          ]
        },
        {
          "class": "com.google.common.eventbus.EventBus",
          "method": "dispatchQueuedEvents",
          "file": "EventBus.java",
          "line": 296,
          "source": "sha256:c0127b076e3056f58294e4ae6c01a96599b8f58200345eb6f859192a2d9b2962",
          "signatures": [
            "sha256:c0127b076e3056f58294e4ae6c01a96599b8f58200345eb6f859192a2d9b2962"
          ]
        },
        {
          "class": "com.google.common.eventbus.EventBus",
          "method": "post",
          "file": "EventBus.java",
          "line": 267,
          "source": "sha256:c0127b076e3056f58294e4ae6c01a96599b8f58200345eb6f859192a2d9b2962",
          "signatures": [
            "sha256:c0127b076e3056f58294e4ae6c01a96599b8f58200345eb6f859192a2d9b2962"
          ]
        },
        {
          "class": "cpw.mods.fml.common.LoadController",
          "method": "distributeStateMessage",
          "file": "LoadController.java",
          "line": 112
        },
        {
          "class": "cpw.mods.fml.common.Loader",
          "method": "loadMods",
          "file": "Loader.java",
          "line": 511
        },
        {
          "class": "cpw.mods.fml.client.FMLClientHandler",
          "method": "beginMinecraftLoading",
          "file": "FMLClientHandler.java",
          "line": 183
        },
        {
          "class": "net.minecraft.client.Minecraft",
          "method": "func_71384_a",
          "file": "Minecraft.java",
          "line": 473
        },
        {
          "class": "net.minecraft.client.Minecraft",
          "method": "func_99999_d",
          "file": "Minecraft.java",
          "line": 808
        },
        {
          "class": "net.minecraft.client.main.Main",
          "method": "main",
          "file": "SourceFile",
          "line": 101
        },
        {
          "class": "sun.reflect.NativeMethodAccessorImpl",
          "method": "invoke0",
          "file": "NativeMethodAccessorImpl.java",
          "line": -2,
          "signatures": []
        },
        {
          "class": "sun.reflect.NativeMethodAccessorImpl",
          "method": "invoke",
          "file": "NativeMethodAccessorImpl.java",
          "line": 62,
          "signatures": []
        },
        {
          "class": "sun.reflect.DelegatingMethodAccessorImpl",
          "method": "invoke",
          "file": "DelegatingMethodAccessorImpl.java",
          "line": 43,
          "signatures": []
        },
        {
          "class": "java.lang.reflect.Method",
          "method": "invoke",
          "file": "Method.java",
          "line": 498,
          "signatures": []
        },
        {
          "class": "net.minecraft.launchwrapper.Launch",
          "method": "launch",
          "file": "Launch.java",
          "line": 131
        },
        {
          "class": "net.minecraft.launchwrapper.Launch",
          "method": "main",
          "file": "Launch.java",
          "line": 27
        }
      ],
      "exception": "java.lang.NoClassDefFoundError",
      "message": "modconfig/IConfigCategory",
      "cause": {
        "stack": [
          {
            "class": "net.minecraft.launchwrapper.LaunchClassLoader",
            "method": "findClass",
            "file": "LaunchClassLoader.java",
            "line": 186
          },
          {
            "class": "java.lang.ClassLoader",
            "method": "loadClass",
            "file": "ClassLoader.java",
            "line": 424,
            "signatures": []
          },
          {
            "class": "java.lang.ClassLoader",
            "method": "loadClass",
            "file": "ClassLoader.java",
            "line": 357,
            "signatures": []
          }
        ],
        "exception": "java.lang.ClassNotFoundException",
        "message": "modconfig.IConfigCategory",
        "cause": {
          "stack": [
            {
              "class": "org.objectweb.asm.ClassReader",
              "method": "\u003cinit\u003e",
              "line": -1,
              "source": "sha256:165b583b0b548405dd97019666f94a86ee1d1e3af227ae4dc82c6e27d6885bb1",
              "signatures": [
                "sha256:165b583b0b548405dd97019666f94a86ee1d1e3af227ae4dc82c6e27d6885bb1"
              ]
            },
            {
              "class": "invtweaks.forge.asm.ContainerTransformer",
              "method": "transform",
              "file": "ContainerTransformer.java",
              "line": 116,
              "source": "sha256:b1aee12ee1558c238d40fbcf16d5e88a808ba0d50d7d920e1f2fe0b8c3a3f40f",
              "signatures": [
                "sha256:b1aee12ee1558c238d40fbcf16d5e88a808ba0d50d7d920e1f2fe0b8c3a3f40f"
              ]
            },
            {
              "class": "net.minecraft.launchwrapper.LaunchClassLoader",
              "method": "runTransformers",
              "file": "LaunchClassLoader.java",
              "line": 274
            },
            {
              "class": "net.minecraft.launchwrapper.LaunchClassLoader",
              "method": "findClass",
              "file": "LaunchClassLoader.java",
              "line": 172
            }
          ],
          "exception": "java.lang.NullPointerException",
          "message": ""
        }
      }
    },
    "random": 1287888934,
    "resolved": true,
    "branding": [
      "Minecraft 1.6.4",
      "MCP v8.11",
      "FML v6.4.50.1,345",
      "Minecraft Forge 9.11.1.1345",
      "62 mods loaded, 62 mods active"
    ],
    "runtime": {
      "mcp": "MCP v8.11",
      "fml": "6.4.50.1,345",
      "forge": "9.11.1.1345"
    },
    "minecraft": "Minecraft 1.6.4",
    "javaVersion": "Oracle Corporation 1.8.0_74",
    "side": "client",
    "obfuscated": true,
    "type": "crashlog"
  }
]