{
    "__comment": "Made with TheDestruc7i0n's advancements generator: https://advancements.thedestruc7i0n.ca",
	"parent": "mctrlmobs:challenges/root",
    "display": {
        "title": {
            "text": "PVP"
        },
        "description": {
            "text": "Attack a poor human"
        },
        "icon": {
            "item": "minecraft:iron_sword"
        },
        "frame": "task",
        "show_toast": true,
        "announce_to_chat": false,
        "hidden": true
    },
    "criteria": {
        "attackplayer": {
            "trigger": "minecraft:player_hurt_entity",
            "conditions": {
                "entity": {
                    "type": "minecraft:player"
                },
                "damage": {
                    "source_entity": {
                        "nbt": "{Tags:[\"imamob\"]}"
                    }
                }
            }
        }
    }
}