{
    "__comment": "Made with TheDestruc7i0n's advancements generator: https://advancements.thedestruc7i0n.ca",
    "display": {
        "title": {
            "text": "Take Control",
            "color": "white",
            "italic": false
        },
        "description": {
            "text": "Control a Mob"
        },
        "icon": {
            "item": "minecraft:creeper_head"
        },
        "frame": "task",
        "show_toast": true,
        "announce_to_chat": false,
        "hidden": false,
        "background": "minecraft:textures/gui/advancements/backgrounds/stone.png"
    },
    "criteria": {
        "entermob": {
            "trigger": "minecraft:impossible"
        }
    }
}